config_sequence,performance_ratio,score
"[1, 1, 0, 1, 61440, 460, 400, 3000, 0, 984, 4096]",1.0,21951.0
"[0, 1, 1, 0, 78765, 310, 541, 5582, 1, 1030, 6391]",0.34545123229010066,7583.0
"[1, 0, 1, 1, 43993, 488, 601, 5847, 3, 1515, 3737]",1.1754361988064326,25802.0
"[1, 0, 1, 1, 59321, 902, 590, 5058, 8, 568, 5710]",1.4205275386087195,31182.0
"[0, 0, 0, 0, 65688, 486, 201, 5627, 8, 1323, 8054]",0.3518746298574097,7724.0
"[0, 0, 1, 0, 39562, 648, 219, 5009, 3, 1532, 5890]",0.3446312240900187,7565.0
"[1, 1, 0, 1, 32022, 483, 468, 5039, 3, 897, 4119]",1.0157623798460207,22297.0
"[1, 1, 0, 1, 30657, 610, 242, 5768, 0, 1026, 3890]",1.010113434467678,22173.0
"[0, 1, 1, 1, 67383, 389, 527, 4561, 8, 1625, 7615]",0.3675003416700834,8067.0
"[0, 0, 1, 1, 74481, 711, 677, 4328, 5, 1150, 5835]",0.3736048471595827,8201.0
"[0, 1, 0, 0, 89614, 731, 758, 4189, 3, 1695, 5384]",0.349779053346089,7678.0
"[0, 0, 0, 1, 114948, 595, 589, 2696, 0, 650, 5246]",0.44143774771081046,9690.0
"[1, 0, 0, 1, 49285, 655, 321, 1691, 4, 1731, 6951]",1.1278301671905608,24757.0
"[1, 0, 0, 0, 40621, 842, 769, 2674, 5, 657, 5641]",1.156940458293472,25396.0
"[0, 1, 1, 1, 42862, 807, 547, 5027, 3, 1497, 3890]",0.366179217347729,8038.0
"[0, 1, 0, 0, 40652, 879, 498, 4647, 7, 1719, 3374]",0.3563846749578607,7823.0
"[0, 1, 1, 0, 95553, 572, 319, 1553, 8, 1092, 7398]",0.46093572046831577,10118.0
"[0, 0, 0, 1, 42861, 394, 403, 5981, 1, 550, 4517]",0.36057582798050203,7915.0
"[1, 0, 1, 0, 79604, 464, 472, 4700, 5, 804, 4393]",1.0497016081271924,23042.0
"[1, 0, 0, 1, 44942, 499, 412, 4868, 6, 1495, 6961]",1.3983417611953897,30695.0
"[1, 1, 0, 1, 62033, 835, 630, 4032, 7, 1412, 5149]",0.9943510546216573,21827.0
"[1, 1, 1, 0, 103229, 517, 538, 1971, 4, 1398, 5005]",0.8562252289189558,18795.0
"[0, 0, 1, 1, 92888, 237, 495, 5807, 4, 1441, 5678]",0.36877590998132204,8095.0
"[0, 0, 0, 1, 65595, 359, 622, 3568, 3, 768, 6147]",0.3856316340941187,8465.0
"[0, 0, 1, 0, 74810, 734, 625, 4751, 3, 677, 7526]",0.3572046831579427,7841.0
"[0, 0, 1, 1, 49799, 513, 374, 4031, 5, 1657, 6236]",0.3600747118582297,7904.0
"[1, 1, 0, 1, 30912, 534, 369, 1826, 1, 813, 6828]",0.992756594232609,21792.0
"[1, 1, 0, 1, 110617, 329, 564, 3218, 3, 1695, 7175]",1.0133479112568904,22244.0
"[1, 0, 1, 0, 51867, 768, 531, 3803, 1, 1900, 4581]",1.1674183408500751,25626.0
"[0, 0, 1, 0, 87949, 849, 743, 2522, 2, 1245, 3364]",0.3962461846840691,8698.0
"[0, 0, 1, 0, 77032, 426, 644, 4341, 0, 1681, 2177]",0.34495011616782834,7572.0
"[1, 1, 1, 0, 48736, 906, 434, 4229, 2, 1037, 3350]",0.8550863286410642,18770.0
"[0, 0, 1, 1, 46931, 541, 283, 2019, 3, 1277, 3895]",0.4920960320714318,10802.0
"[1, 1, 1, 0, 118440, 376, 343, 4724, 7, 542, 3007]",0.8534918682520158,18735.0
"[0, 0, 1, 1, 81260, 601, 751, 5582, 0, 809, 4286]",0.370552594414833,8134.0
"[0, 1, 1, 0, 111175, 303, 360, 2254, 4, 1319, 6828]",0.4321443214432144,9486.0
"[1, 1, 1, 1, 115676, 812, 474, 1893, 0, 1478, 6153]",1.0078811899230102,22124.0
"[0, 1, 0, 1, 103628, 787, 401, 2229, 6, 1197, 4370]",0.4990205457610132,10954.0
"[0, 0, 0, 1, 37147, 240, 516, 4755, 8, 1869, 5817]",0.3675003416700834,8067.0
"[0, 1, 1, 0, 104084, 861, 314, 5986, 2, 1495, 6814]",0.341442303311922,7495.0
"[1, 1, 1, 0, 66060, 234, 664, 3477, 8, 1815, 6272]",1.1780328914400255,25859.0
"[0, 1, 1, 0, 71739, 918, 488, 4382, 2, 1289, 7080]",0.348002368912578,7639.0
"[1, 0, 1, 0, 117616, 908, 467, 1558, 7, 1507, 4161]",0.976356430230969,21432.0
"[0, 0, 0, 0, 30144, 827, 484, 5898, 1, 1741, 3706]",0.3481845929570407,7643.0
"[0, 1, 1, 1, 38418, 878, 748, 2543, 6, 1549, 7257]",0.4756958680697918,10442.0
"[0, 0, 0, 1, 73757, 351, 799, 5460, 7, 1080, 5331]",0.3764748758598697,8264.0
"[0, 1, 0, 0, 75490, 863, 402, 2569, 3, 1882, 3088]",0.3591180356248007,7883.0
"[1, 0, 0, 0, 107713, 495, 351, 3490, 3, 770, 4725]",1.157760466493554,25414.0
"[0, 0, 0, 0, 58863, 882, 583, 4176, 3, 1560, 2982]",0.3399845109562207,7463.0
"[0, 0, 0, 0, 111993, 855, 414, 2299, 1, 1034, 3352]",0.4088196437519931,8974.0
"[1, 0, 0, 1, 40402, 235, 267, 5505, 2, 1028, 4012]",1.383536057582798,30370.0
"[0, 0, 1, 1, 48021, 676, 224, 2188, 6, 669, 5556]",0.4847159582706938,10640.0
"[1, 1, 1, 0, 108707, 558, 593, 4125, 7, 1583, 5910]",0.8364539200947565,18361.0
"[0, 1, 0, 1, 116362, 630, 590, 2762, 4, 1495, 3851]",0.44002551136622475,9659.0
"[0, 0, 1, 0, 77205, 473, 247, 5987, 6, 969, 6483]",0.344312332012209,7558.0
"[0, 1, 1, 0, 45544, 715, 658, 4069, 2, 1159, 2218]",0.3675003416700834,8067.0
"[0, 1, 0, 1, 41003, 705, 476, 4474, 2, 1613, 4873]",0.374242631315202,8215.0
"[0, 0, 0, 0, 86805, 612, 425, 3231, 7, 1560, 6273]",0.3893672270056034,8547.0
"[0, 1, 0, 0, 66918, 621, 427, 1724, 0, 1385, 3444]",0.48084369732586213,10555.0
"[1, 1, 1, 0, 48230, 814, 521, 3484, 4, 1894, 5128]",0.8782287822878229,19278.0
"[0, 1, 1, 1, 119905, 792, 284, 2091, 6, 1126, 3767]",0.4988838777276662,10951.0
"[1, 1, 1, 0, 77430, 730, 215, 2220, 4, 1733, 2688]",0.8679331237756822,19052.0
"[0, 1, 0, 0, 100455, 465, 762, 5748, 4, 577, 7223]",0.3572046831579427,7841.0
"[0, 0, 1, 0, 51784, 547, 401, 4401, 1, 1372, 4269]",0.3412600792674593,7491.0
"[1, 0, 0, 0, 114552, 366, 582, 2053, 6, 721, 5438]",0.998359983599836,21915.0
"[1, 1, 1, 1, 118654, 896, 739, 2104, 3, 830, 4624]",0.9967655232107877,21880.0
"[1, 1, 1, 1, 37709, 639, 577, 1585, 2, 860, 4831]",0.9609129424627579,21093.0
"[0, 0, 0, 1, 74307, 439, 603, 2879, 7, 1962, 7413]",0.4327821055988338,9500.0
"[0, 1, 0, 0, 59815, 857, 459, 5052, 5, 809, 3449]",0.3481845929570407,7643.0
"[1, 1, 0, 0, 65420, 388, 257, 3961, 6, 1669, 5804]",0.8693909161313835,19084.0
"[1, 1, 0, 1, 87284, 682, 598, 2321, 4, 1725, 4405]",0.9539884287731766,20941.0
"[0, 0, 0, 1, 35521, 653, 732, 3160, 0, 1390, 3144]",0.3914628035169241,8593.0
"[0, 1, 1, 0, 64613, 861, 275, 1974, 5, 1886, 2917]",0.45706345952348415,10033.0
"[0, 1, 1, 0, 67619, 522, 732, 2793, 7, 1789, 6831]",0.39287503986150973,8624.0
"[0, 0, 1, 1, 62897, 248, 509, 5653, 0, 948, 7212]",0.36330918864744205,7975.0
"[0, 1, 1, 1, 58192, 318, 360, 2426, 4, 1121, 2586]",0.47797366862557517,10492.0
"[0, 1, 1, 0, 64977, 308, 573, 5646, 5, 1591, 5094]",0.34399343993439935,7551.0
"[0, 0, 1, 1, 74597, 230, 692, 3350, 2, 1654, 7562]",0.38822832672771174,8522.0
"[1, 0, 1, 1, 64750, 594, 267, 3380, 4, 1439, 7895]",1.4495011616782834,31818.0
"[1, 0, 0, 1, 63105, 458, 794, 2950, 6, 564, 7032]",1.4123274566078994,31002.0
"[1, 1, 0, 0, 36597, 849, 618, 2886, 2, 880, 4227]",0.8642430868753131,18971.0
"[1, 0, 0, 1, 95037, 776, 603, 3413, 6, 1663, 7235]",1.407179627351829,30889.0
"[0, 1, 1, 1, 87618, 264, 315, 4226, 1, 1228, 4990]",0.36699922554781106,8056.0
"[1, 0, 1, 0, 88982, 819, 508, 3141, 3, 1620, 7254]",1.171928385950526,25725.0
"[1, 1, 1, 1, 111605, 447, 266, 3406, 1, 1786, 7013]",1.0006377841556193,21965.0
"[1, 1, 1, 1, 30992, 386, 479, 3858, 6, 1214, 2904]",1.020090200902009,22392.0
"[0, 1, 0, 0, 118510, 405, 659, 4350, 2, 1804, 6957]",0.3586169195025284,7872.0
"[1, 0, 0, 1, 102648, 676, 511, 3927, 1, 714, 4240]",1.4149241492414923,31059.0
"[0, 0, 1, 1, 32683, 462, 565, 3950, 3, 1110, 6853]",0.36248918044736,7957.0
"[1, 1, 1, 0, 37859, 712, 211, 3733, 5, 1681, 7526]",0.8613730581750262,18908.0
"[0, 0, 0, 0, 100558, 320, 772, 3795, 5, 1091, 5918]",0.3446312240900187,7565.0
"[1, 1, 1, 1, 64135, 402, 559, 5972, 6, 1646, 4947]",0.9816409275203863,21548.0
"[1, 1, 1, 1, 90423, 358, 462, 3109, 1, 536, 2578]",1.0033711448225593,22025.0
"[1, 1, 0, 0, 31613, 893, 620, 2154, 8, 679, 5266]",0.8628308505307275,18940.0
"[0, 1, 1, 1, 49718, 752, 721, 2503, 2, 1856, 3949]",0.4679969021912441,10273.0
"[1, 1, 0, 1, 52977, 735, 278, 3888, 5, 894, 8008]",1.010113434467678,22173.0
"[1, 1, 0, 0, 62641, 517, 582, 4299, 6, 1840, 7301]",0.8526718600519338,18717.0
"[0, 0, 0, 0, 37521, 641, 600, 2254, 0, 1582, 6693]",0.41988975445310006,9217.0
"[1, 1, 1, 0, 49677, 317, 245, 3348, 6, 1130, 6361]",0.7995991071021822,17552.0
"[1, 0, 0, 0, 75028, 651, 371, 2906, 7, 1862, 4091]",1.1608127192383035,25481.0
"[0, 1, 1, 1, 41622, 554, 794, 4709, 8, 1536, 3415]",0.38002824472689173,8342.0
"[1, 0, 1, 0, 101706, 361, 754, 4862, 2, 716, 3556]",1.1379891576693544,24980.0
"[0, 1, 1, 0, 51824, 379, 533, 5047, 6, 1772, 5140]",0.35702245911348,7837.0
"[1, 1, 0, 1, 88825, 738, 250, 2725, 3, 976, 2513]",0.9874265409320759,21675.0
"[1, 0, 1, 0, 33902, 689, 202, 5017, 3, 959, 5840]",1.139264725980593,25008.0
"[1, 1, 1, 1, 63741, 437, 566, 2904, 5, 646, 4634]",1.000956676233429,21972.0
"[0, 1, 0, 1, 73236, 836, 641, 2440, 0, 1942, 2825]",0.4729625074028518,10382.0
"[0, 1, 1, 1, 60021, 679, 324, 3248, 2, 800, 4743]",0.41975308641975306,9214.0
"[1, 0, 1, 1, 96825, 913, 643, 2231, 8, 1550, 5475]",1.1826796045738235,25961.0
"[0, 1, 0, 1, 34790, 768, 260, 4119, 8, 1277, 7684]",0.3599380438248827,7901.0
"[0, 1, 1, 0, 50853, 871, 658, 1528, 0, 1582, 4394]",0.4777914445811125,10488.0
"[1, 0, 1, 1, 60931, 639, 296, 4317, 8, 1678, 5175]",1.4113707803744704,30981.0
"[0, 1, 0, 1, 115673, 249, 506, 3577, 0, 948, 7519]",0.4036718144959227,8861.0
"[0, 0, 1, 0, 32860, 706, 699, 2565, 8, 1304, 6567]",0.42134754680880143,9249.0
"[0, 1, 1, 0, 81451, 885, 641, 4562, 0, 728, 2972]",0.3420800874675413,7509.0
"[1, 0, 1, 1, 94252, 543, 298, 1660, 3, 864, 2556]",1.1041865974215297,24238.0
"[0, 1, 1, 1, 51204, 668, 648, 2611, 5, 777, 4385]",0.4538289827342718,9962.0
"[0, 0, 0, 0, 41437, 874, 215, 5262, 2, 1049, 3879]",0.339802286911758,7459.0
"[1, 1, 1, 0, 31449, 743, 617, 5117, 4, 1168, 2116]",0.8774543300988565,19261.0
"[1, 1, 1, 1, 116146, 476, 336, 2885, 0, 969, 2539]",1.0080178579563572,22127.0
"[0, 0, 0, 1, 116238, 776, 521, 4927, 1, 1216, 3130]",0.36877590998132204,8095.0
"[0, 0, 1, 0, 40952, 755, 412, 2211, 6, 1758, 6738]",0.43114208919866975,9464.0
"[1, 1, 0, 1, 50911, 815, 213, 5848, 3, 1447, 2788]",1.0189513006241173,22367.0
"[1, 1, 0, 1, 100411, 808, 736, 4691, 3, 528, 4963]",0.96719967199672,21231.0
"[1, 0, 0, 1, 81188, 518, 690, 4048, 8, 1599, 7621]",1.4194341943419435,31158.0
"[0, 1, 0, 0, 79320, 603, 231, 2939, 1, 1260, 8002]",0.3922372557058904,8610.0
"[1, 0, 0, 1, 69327, 401, 597, 4159, 3, 1841, 4031]",1.414286365085873,31045.0
"[0, 1, 0, 0, 116938, 587, 734, 5843, 7, 1658, 5819]",0.3526946380574917,7742.0
"[1, 1, 1, 1, 52478, 490, 517, 2308, 8, 1207, 2352]",1.0006377841556193,21965.0
"[1, 1, 1, 1, 78491, 454, 337, 4990, 7, 530, 4865]",1.0239624618468406,22477.0
"[0, 0, 1, 0, 39310, 685, 346, 5024, 7, 668, 5410]",0.33114664479978134,7269.0
"[1, 1, 0, 1, 53222, 661, 764, 5897, 4, 494, 7455]",0.9922554781103367,21781.0
"[0, 0, 1, 1, 84753, 606, 430, 2367, 0, 1587, 7901]",0.4628490729351738,10160.0
"[0, 0, 1, 0, 75888, 337, 538, 4781, 3, 653, 2883]",0.3517379618240627,7721.0
"[0, 1, 1, 0, 78785, 771, 650, 1944, 5, 573, 8108]",0.4051296068516241,8893.0
"[1, 0, 1, 1, 47578, 253, 668, 4378, 4, 1056, 4750]",1.3965650767618787,30656.0
"[1, 0, 0, 0, 77544, 741, 754, 5488, 8, 1436, 3625]",0.9851942963874083,21626.0
"[0, 0, 1, 0, 90836, 420, 326, 1540, 8, 1636, 4267]",0.4726436153250421,10375.0
"[1, 1, 0, 1, 30063, 865, 519, 1605, 8, 1103, 8114]",0.999179991799918,21933.0
"[1, 0, 1, 1, 52846, 733, 542, 1610, 5, 707, 6755]",1.1739784064507313,25770.0
"[0, 1, 0, 1, 95868, 551, 663, 2797, 2, 1632, 5918]",0.4358343583435834,9567.0
"[1, 1, 0, 0, 41099, 361, 552, 5616, 4, 1264, 2981]",0.7830622750671952,17189.0
"[0, 1, 0, 0, 90598, 454, 255, 1855, 7, 1028, 6028]",0.4556056671677828,10001.0
"[1, 1, 1, 0, 91552, 828, 712, 4520, 7, 1141, 2726]",0.8613730581750262,18908.0
"[0, 1, 0, 0, 47448, 286, 738, 2289, 8, 819, 7974]",0.41911530226413374,9200.0
"[0, 1, 1, 1, 76253, 720, 378, 3281, 3, 492, 2165]",0.43004874493189377,9440.0
"[0, 1, 0, 1, 77647, 823, 504, 4716, 1, 790, 4611]",0.3767937679376794,8271.0
"[0, 1, 0, 0, 59168, 524, 322, 4913, 0, 1682, 3479]",0.34850348503485035,7650.0
"[1, 1, 0, 0, 90002, 586, 562, 5865, 0, 1019, 6241]",0.8726253929205958,19155.0
"[0, 1, 0, 1, 55047, 750, 300, 5735, 4, 1361, 6123]",0.3795271286046194,8331.0
"[0, 0, 0, 0, 89063, 241, 525, 3141, 7, 1301, 7641]",0.38708942644982003,8497.0
"[0, 1, 0, 1, 52560, 355, 302, 5333, 6, 756, 3883]",0.37037037037037035,8130.0
"[1, 0, 0, 1, 64545, 777, 505, 4102, 5, 1674, 7659]",1.4194341943419435,31158.0
"[0, 1, 0, 1, 99026, 320, 729, 3515, 2, 740, 5199]",0.3846749578606897,8444.0
"[0, 0, 1, 1, 63789, 451, 480, 1677, 8, 588, 4539]",0.5208874310965332,11434.0
"[0, 1, 1, 0, 97133, 321, 202, 3244, 7, 1104, 2313]",0.3828982734271787,8405.0
"[1, 0, 0, 0, 106336, 822, 653, 4945, 2, 700, 7466]",1.1695139173613958,25672.0
"[0, 1, 1, 0, 31382, 835, 221, 3645, 1, 1292, 4083]",0.3639469728030614,7989.0
"[0, 1, 1, 0, 76609, 875, 262, 5470, 7, 1892, 5710]",0.3490046011571227,7661.0
"[0, 0, 0, 0, 83745, 629, 292, 3435, 3, 895, 6069]",0.349642385312742,7675.0
"[1, 0, 0, 0, 114880, 630, 604, 2506, 2, 550, 4521]",0.8898455651223179,19533.0
"[1, 1, 1, 1, 56423, 582, 284, 4979, 5, 861, 5640]",0.9998177759555373,21947.0
"[0, 0, 0, 0, 59713, 262, 545, 5271, 8, 819, 3690]",0.33934672680060135,7449.0
"[0, 0, 0, 1, 84662, 776, 539, 4955, 3, 495, 5673]",0.36699922554781106,8056.0
"[1, 0, 1, 1, 82005, 558, 562, 4885, 0, 526, 7136]",1.394469500250558,30610.0
"[1, 0, 0, 0, 118640, 311, 334, 1744, 5, 873, 7210]",0.990979909799098,21753.0
"[1, 1, 0, 1, 44665, 309, 765, 4024, 6, 584, 3537]",0.9686119083413056,21262.0
"[1, 1, 1, 0, 94155, 796, 686, 4135, 0, 1103, 3426]",0.8538107603298255,18742.0
"[1, 1, 0, 1, 48758, 631, 380, 3353, 4, 564, 6695]",0.996309963099631,21870.0
"[0, 0, 0, 1, 47392, 374, 799, 3386, 1, 1083, 5261]",0.354152430413193,7774.0
"[0, 0, 1, 0, 103132, 306, 795, 3324, 7, 636, 2507]",0.35155573777960003,7717.0
"[0, 1, 0, 0, 118976, 733, 656, 4971, 2, 1106, 3533]",0.3446312240900187,7565.0
"[0, 1, 0, 1, 65972, 310, 489, 4338, 3, 1477, 5947]",0.3681381258257027,8081.0
"[0, 1, 0, 1, 85986, 487, 771, 4336, 3, 1752, 4491]",0.36941369413694136,8109.0
"[0, 0, 1, 0, 111688, 737, 209, 5032, 7, 1104, 4237]",0.29606851624071795,6499.0
"[1, 1, 1, 0, 49927, 504, 398, 5859, 5, 1746, 6189]",0.8647442029975855,18982.0
"[1, 1, 0, 1, 84195, 806, 725, 1613, 8, 1430, 5298]",1.0141223634458567,22261.0
"[0, 0, 0, 0, 58904, 336, 422, 4925, 1, 625, 5981]",0.352375745979682,7735.0
"[0, 0, 1, 1, 53000, 867, 370, 5807, 3, 1741, 5502]",0.37711266001548904,8278.0
"[1, 1, 0, 0, 64204, 430, 618, 1571, 7, 1918, 4715]",0.8193704159263815,17986.0
"[0, 1, 0, 1, 116142, 620, 312, 3011, 3, 1514, 5750]",0.4528723065008428,9941.0
"[1, 0, 0, 1, 68262, 536, 426, 5211, 5, 1295, 5683]",1.3978406450731173,30684.0
"[0, 1, 1, 0, 83990, 485, 252, 4628, 1, 827, 7420]",0.3618513962917407,7943.0
"[1, 0, 1, 1, 46768, 683, 288, 4776, 8, 1241, 2997]",1.3862694182497382,30430.0
"[1, 1, 1, 0, 79374, 298, 772, 4476, 1, 1114, 5525]",0.8756776456653456,19222.0
"[1, 0, 1, 1, 34801, 468, 654, 4118, 5, 849, 2329]",1.4228053391645028,31232.0
"[1, 0, 1, 0, 66388, 411, 715, 1986, 5, 1119, 4597]",0.9933943783882283,21806.0
"[1, 1, 1, 1, 62239, 273, 504, 4406, 5, 1090, 5488]",1.009976766434331,22170.0
"[0, 1, 1, 1, 50937, 368, 248, 1993, 3, 944, 7754]",0.5012983463167965,11004.0
"[1, 0, 1, 1, 98049, 707, 603, 5706, 7, 1427, 3779]",1.1757550908842422,25809.0
"[0, 1, 1, 1, 53367, 361, 290, 1517, 0, 842, 3831]",0.5323219898865655,11685.0
"[0, 0, 1, 0, 90652, 660, 781, 5855, 0, 1789, 8166]",0.34239897954535103,7516.0
"[1, 0, 1, 1, 76104, 855, 221, 3684, 2, 1071, 2636]",1.4189330782196712,31147.0
"[0, 0, 1, 1, 62777, 660, 379, 4758, 6, 1420, 7309]",0.3828982734271787,8405.0
"[0, 1, 0, 0, 89242, 567, 626, 5775, 0, 1961, 6632]",0.33629447405585167,7382.0
"[1, 1, 1, 0, 65996, 272, 246, 4123, 4, 903, 5227]",0.8594141496970525,18865.0
"[1, 0, 1, 1, 62867, 299, 679, 1806, 0, 1466, 7540]",1.1960275158307139,26254.0
"[1, 1, 0, 0, 56276, 301, 555, 3983, 3, 1058, 7164]",0.8681153478201449,19056.0
"[0, 1, 0, 1, 70515, 676, 733, 5084, 0, 1278, 5538]",0.3880461026832491,8518.0
"[0, 1, 1, 1, 37986, 362, 378, 2061, 8, 1662, 3373]",0.5151018176848435,11307.0
"[1, 0, 1, 0, 56275, 322, 666, 2753, 6, 1042, 6301]",1.1698328094392054,25679.0
"[1, 1, 0, 1, 64037, 703, 660, 5040, 2, 1755, 3386]",0.9897043414878594,21725.0
"[1, 1, 1, 0, 48865, 898, 497, 3993, 5, 684, 3199]",0.8648808710309326,18985.0
"[1, 0, 0, 0, 113936, 538, 724, 1690, 3, 611, 3876]",0.9940321625438476,21820.0
"[0, 0, 0, 1, 64996, 448, 235, 4797, 7, 1579, 3498]",0.3663614413921917,8042.0
"[1, 1, 1, 0, 64810, 885, 526, 5174, 2, 1224, 3296]",0.8447906701289235,18544.0
"[0, 0, 1, 0, 30335, 613, 757, 5794, 7, 567, 8056]",0.35059906154617104,7696.0
"[1, 0, 1, 0, 66797, 235, 219, 5614, 2, 1291, 2332]",0.9839187280761696,21598.0
"[0, 1, 0, 0, 118041, 580, 481, 2133, 6, 1858, 6154]",0.4491822696004738,9860.0
"[0, 0, 0, 0, 99389, 622, 353, 5845, 1, 1605, 2566]",0.3504168375017084,7692.0
"[1, 1, 1, 0, 104967, 626, 476, 3653, 2, 1814, 6664]",0.8608719420527539,18897.0
"[1, 1, 1, 0, 106634, 461, 340, 5189, 3, 1437, 6500]",0.8655642111976676,19000.0
"[1, 0, 0, 0, 106646, 834, 289, 2557, 5, 1620, 5517]",0.8344950116167829,18318.0
"[0, 0, 1, 0, 100819, 807, 670, 1843, 3, 1822, 3340]",0.4428955400665118,9722.0
"[0, 0, 1, 0, 116827, 861, 242, 4859, 1, 811, 3530]",0.35606578288005103,7816.0
"[1, 1, 0, 0, 35476, 761, 318, 4921, 8, 1240, 2239]",0.8531729761742062,18728.0
"[0, 0, 1, 1, 67790, 395, 360, 4407, 2, 901, 4899]",0.34176119538973165,7502.0
"[0, 0, 1, 0, 35025, 823, 336, 3725, 1, 1499, 4896]",0.3420800874675413,7509.0
"[0, 0, 1, 0, 66660, 237, 513, 2001, 4, 1859, 6483]",0.41975308641975306,9214.0
"[1, 0, 0, 1, 37769, 437, 386, 3658, 7, 835, 8122]",1.4038084825292698,30815.0
"[0, 0, 1, 0, 51707, 736, 318, 5610, 4, 675, 2841]",0.35397020636873033,7770.0
"[1, 0, 0, 1, 40363, 894, 282, 4645, 0, 870, 7320]",1.425219807753633,31285.0
"[0, 1, 0, 0, 45930, 538, 314, 4017, 1, 1008, 2906]",0.35447132249100266,7781.0
"[0, 0, 0, 0, 32998, 740, 417, 5178, 2, 547, 3594]",0.33223998906655733,7293.0
"[0, 0, 1, 0, 54114, 602, 323, 2308, 1, 604, 7505]",0.42089198669764477,9239.0
"[0, 0, 0, 1, 104998, 551, 446, 2583, 3, 1402, 8170]",0.46685800191335247,10248.0
"[0, 1, 0, 1, 64870, 374, 414, 5824, 5, 725, 5309]",0.3745615233930117,8222.0
"[1, 1, 1, 1, 40713, 463, 520, 2694, 2, 1952, 4881]",1.0170379481572593,22325.0
"[0, 1, 1, 1, 83329, 844, 766, 3317, 7, 1291, 5935]",0.38212382123821237,8388.0
"[1, 1, 1, 1, 40964, 702, 430, 5892, 7, 842, 4863]",0.982643159764931,21570.0
"[0, 1, 1, 1, 110355, 796, 622, 2355, 2, 1699, 2737]",0.47683476834768346,10467.0
"[1, 1, 0, 1, 86911, 532, 796, 2209, 4, 1049, 3377]",0.9970844152885974,21887.0
"[0, 1, 0, 0, 59896, 462, 529, 4836, 5, 961, 3331]",0.3490046011571227,7661.0
"[0, 0, 0, 1, 88763, 253, 230, 3274, 3, 1671, 5671]",0.4234431233201221,9295.0
"[0, 0, 1, 1, 113762, 520, 451, 3950, 5, 762, 8066]",0.3745615233930117,8222.0
"[1, 0, 1, 0, 77794, 506, 282, 5434, 1, 1170, 5571]",1.1674183408500751,25626.0
"[1, 1, 0, 0, 59398, 552, 234, 4267, 4, 1818, 2059]",0.8677964557423352,19049.0
"[1, 0, 1, 1, 106785, 867, 426, 2189, 0, 1276, 7816]",0.9530317525397476,20920.0
"[1, 1, 0, 0, 39704, 500, 268, 4812, 4, 1845, 3631]",0.8267960457382352,18149.0
"[1, 0, 0, 0, 78780, 735, 630, 4925, 3, 1183, 2995]",1.1604938271604939,25474.0
"[1, 1, 1, 1, 56652, 728, 439, 1779, 6, 1176, 7245]",0.988109881098811,21690.0
"[1, 1, 0, 0, 117954, 290, 389, 2878, 5, 1247, 5953]",0.8620108423306455,18922.0
"[0, 0, 1, 0, 99460, 253, 620, 3683, 3, 662, 4002]",0.32905106828846065,7223.0
"[0, 1, 1, 0, 38596, 578, 492, 3852, 2, 1480, 4770]",0.34768347683476836,7632.0
"[0, 1, 1, 1, 37613, 279, 340, 4771, 3, 757, 2310]",0.37164593868160906,8158.0
"[0, 1, 0, 0, 33660, 764, 527, 3003, 0, 924, 5800]",0.38613275021639104,8476.0
"[1, 1, 0, 0, 115023, 652, 274, 3726, 4, 1226, 8057]",0.8740831852762972,19187.0
"[1, 0, 0, 0, 117320, 572, 552, 4634, 1, 1228, 3328]",1.1543893216709944,25340.0
"[0, 0, 0, 0, 77829, 912, 387, 3871, 5, 787, 6498]",0.32727438385494967,7184.0
"[1, 0, 1, 0, 68910, 550, 704, 2267, 0, 657, 2485]",1.0033711448225593,22025.0
"[1, 0, 1, 1, 95618, 809, 696, 1736, 1, 534, 4748]",1.157760466493554,25414.0
"[1, 1, 1, 0, 40197, 914, 770, 5146, 8, 794, 5476]",0.8658831032754772,19007.0
"[1, 0, 1, 0, 63185, 278, 508, 5932, 6, 1103, 7223]",0.992756594232609,21792.0
"[0, 0, 0, 1, 98222, 507, 689, 4261, 2, 1172, 3086]",0.36859368593685937,8091.0
"[0, 1, 1, 1, 60018, 434, 594, 5078, 7, 1904, 2260]",0.3764748758598697,8264.0
"[0, 0, 1, 1, 51248, 794, 414, 2794, 3, 946, 5814]",0.4552867750899731,9994.0
"[1, 1, 0, 1, 87922, 580, 757, 2192, 7, 990, 2259]",1.009976766434331,22170.0
"[1, 0, 1, 1, 43902, 425, 646, 3476, 3, 1655, 3043]",1.4190697462530182,31150.0
"[1, 1, 0, 0, 93866, 410, 790, 1605, 6, 1966, 5904]",0.8381850485171518,18399.0
"[1, 1, 0, 0, 101154, 563, 551, 2892, 1, 1390, 5829]",0.8475240307958635,18604.0
"[0, 1, 1, 0, 37974, 735, 474, 2630, 1, 878, 4848]",0.4133296888524441,9073.0
"[0, 0, 0, 0, 39673, 606, 338, 5878, 5, 1338, 4742]",0.34495011616782834,7572.0
"[0, 1, 1, 1, 112777, 880, 460, 5514, 5, 1525, 6236]",0.3767937679376794,8271.0
"[0, 0, 1, 1, 84284, 409, 729, 3860, 0, 644, 6143]",0.37023370233702335,8127.0
"[0, 0, 0, 0, 74019, 268, 595, 4705, 8, 1217, 6704]",0.3248599152658193,7131.0
"[0, 1, 1, 0, 32624, 408, 548, 2137, 2, 1348, 7678]",0.44758780921142544,9825.0
"[1, 0, 0, 1, 102032, 441, 560, 4624, 6, 930, 3266]",1.4023506901735685,30783.0
"[1, 1, 0, 1, 62695, 337, 537, 2418, 6, 589, 3634]",1.0242813539246503,22484.0
"[1, 1, 1, 0, 104534, 442, 788, 2561, 5, 1322, 7137]",0.8764976538654276,19240.0
"[0, 0, 1, 1, 66482, 656, 239, 1658, 5, 1957, 4453]",0.5217074392966152,11452.0
"[0, 0, 1, 1, 75767, 879, 601, 3672, 4, 562, 7940]",0.366042549314382,8035.0
"[1, 0, 1, 0, 35406, 720, 651, 2191, 4, 1536, 7233]",1.0038722609448316,22036.0
"[1, 1, 0, 1, 73993, 374, 603, 4831, 8, 978, 3934]",1.015443487768211,22290.0
"[1, 0, 1, 0, 54336, 239, 767, 5707, 6, 1237, 2435]",0.984693180265136,21615.0
"[0, 1, 0, 0, 70546, 920, 704, 3139, 3, 529, 5136]",0.3673181176256207,8063.0
"[0, 0, 1, 0, 38423, 482, 469, 4161, 7, 1567, 5550]",0.34317343173431736,7533.0
"[0, 1, 1, 1, 40612, 666, 266, 5217, 7, 1077, 2385]",0.3772948840599517,8282.0
"[0, 1, 1, 0, 92608, 830, 477, 2271, 0, 1360, 2416]",0.4232608992756594,9291.0
"[0, 1, 1, 1, 109702, 507, 308, 3261, 8, 1262, 3159]",0.4433966561887841,9733.0
"[1, 1, 0, 0, 30968, 464, 787, 3965, 5, 571, 3260]",0.8367728121725662,18368.0
"[1, 0, 0, 0, 75944, 436, 341, 3932, 4, 552, 6150]",1.155847114026696,25372.0
"[0, 1, 0, 0, 97317, 897, 297, 5068, 1, 1579, 7964]",0.3554279987244317,7802.0
"[1, 0, 0, 1, 67512, 232, 387, 2724, 0, 1640, 2075]",0.9922554781103367,21781.0
"[0, 1, 0, 0, 32352, 380, 621, 4828, 8, 1603, 6389]",0.3518746298574097,7724.0
"[0, 0, 1, 0, 50277, 808, 647, 5547, 4, 515, 7663]",0.34704569267914903,7618.0
"[1, 1, 0, 0, 62073, 361, 386, 3388, 8, 1447, 4982]",0.8547674365632545,18763.0
"[0, 0, 1, 0, 95821, 272, 577, 1979, 3, 1400, 5758]",0.4441711083777504,9750.0
"[0, 1, 0, 0, 39382, 371, 416, 3079, 6, 1887, 3500]",0.3895038950389504,8550.0
"[1, 0, 1, 0, 66474, 675, 599, 5131, 0, 541, 3960]",1.1699694774725524,25682.0
"[1, 1, 1, 1, 57202, 563, 379, 3921, 0, 1723, 7972]",1.0061045054894993,22085.0
"[0, 1, 0, 1, 50721, 755, 465, 5679, 1, 824, 6431]",0.378752676415653,8314.0
"[1, 0, 0, 0, 117680, 800, 593, 4810, 3, 1001, 8146]",1.169195025283586,25665.0
"[0, 0, 0, 0, 111845, 850, 609, 2607, 6, 1483, 5342]",0.3983417611953897,8744.0
"[0, 1, 1, 0, 78224, 740, 339, 5113, 4, 1711, 4380]",0.3436745478565897,7544.0
"[0, 0, 0, 0, 76632, 301, 377, 1615, 1, 1279, 4730]",0.46717689399116213,10255.0
"[1, 1, 1, 1, 85554, 317, 650, 3650, 2, 988, 4903]",1.0194524167463896,22378.0
"[0, 1, 0, 0, 90244, 445, 747, 2485, 5, 1358, 2468]",0.3930572639059724,8628.0
"[1, 1, 0, 0, 114883, 355, 261, 5548, 1, 878, 5017]",0.8569996811079222,18812.0
"[1, 1, 1, 0, 89262, 300, 418, 4570, 6, 970, 6406]",0.8600974898637875,18880.0
"[0, 0, 0, 1, 71820, 653, 333, 1558, 5, 1828, 4793]",0.5149651496514965,11304.0
"[0, 0, 1, 0, 82750, 540, 212, 2752, 3, 495, 3001]",0.39433283221721105,8656.0
"[1, 1, 0, 1, 48708, 717, 665, 2778, 2, 849, 3463]",1.019953532868662,22389.0
"[0, 0, 0, 1, 119479, 401, 733, 2272, 2, 522, 4451]",0.4628490729351738,10160.0
"[1, 1, 0, 1, 84442, 300, 343, 1606, 2, 687, 6971]",1.0061045054894993,22085.0
"[0, 1, 0, 0, 113209, 886, 250, 1613, 0, 1282, 4027]",0.44485444854448547,9765.0
"[1, 0, 1, 1, 119969, 443, 496, 2190, 2, 1635, 3376]",1.1665983326499931,25608.0
"[1, 1, 0, 0, 95937, 796, 236, 4961, 7, 1219, 3225]",0.8563618969523028,18798.0
"[1, 1, 1, 1, 35920, 384, 301, 2705, 0, 1207, 6068]",1.0255569222358891,22512.0
"[0, 0, 1, 0, 57533, 292, 781, 5610, 7, 1231, 7713]",0.35574689080224137,7809.0
"[0, 0, 1, 1, 106847, 493, 716, 1712, 1, 1755, 4231]",0.4937360484715958,10838.0
"[1, 0, 0, 0, 74192, 334, 775, 2958, 3, 1911, 7415]",1.1665983326499931,25608.0
"[1, 1, 1, 1, 50550, 745, 238, 2632, 3, 503, 2759]",1.0179946243906883,22346.0
"[1, 1, 0, 1, 44337, 636, 506, 2153, 0, 776, 6865]",1.0176757323128787,22339.0
"[1, 0, 1, 0, 39210, 607, 351, 3039, 5, 1372, 3992]",1.1554826659377704,25364.0
"[1, 1, 0, 1, 95587, 794, 718, 2961, 6, 1536, 3799]",0.9980410915220264,21908.0
"[0, 0, 0, 0, 114483, 885, 297, 4317, 2, 1792, 5830]",0.3367500341670083,7392.0
"[1, 0, 1, 1, 42313, 364, 354, 4428, 6, 621, 4744]",1.4147419251970297,31055.0
"[0, 0, 1, 1, 82064, 529, 468, 2303, 6, 908, 3890]",0.4787481208145415,10509.0
"[1, 1, 1, 1, 100887, 857, 763, 1834, 4, 649, 4173]",0.9998177759555373,21947.0
"[1, 0, 0, 1, 64845, 810, 713, 2805, 5, 1517, 5326]",1.1735228463395746,25760.0
"[1, 1, 1, 0, 59589, 285, 605, 1817, 7, 1835, 3391]",0.8393239487950435,18424.0
"[1, 1, 1, 0, 43390, 314, 668, 3149, 2, 1718, 5578]",0.8401439569951255,18442.0
"[1, 1, 1, 1, 34127, 509, 797, 2796, 2, 1052, 7183]",0.990843241765751,21750.0
"[0, 1, 0, 0, 79096, 845, 503, 4113, 3, 954, 6486]",0.353469090246458,7759.0
"[0, 0, 0, 0, 71382, 900, 408, 3439, 5, 523, 3076]",0.3547902145688124,7788.0
"[0, 1, 0, 0, 118063, 557, 375, 1672, 0, 542, 2128]",0.47155027105826613,10351.0
"[1, 1, 0, 0, 59323, 334, 742, 5926, 1, 898, 2137]",0.8539474283631725,18745.0
"[1, 1, 1, 0, 62724, 855, 674, 1956, 3, 1481, 6694]",0.8245182451824519,18099.0
"[0, 1, 0, 0, 34465, 758, 448, 5136, 3, 1436, 2896]",0.3435378798232427,7541.0
"[0, 0, 0, 1, 100656, 264, 594, 3619, 7, 1501, 5230]",0.3811671450047834,8367.0
"[0, 1, 1, 1, 107505, 258, 795, 1716, 1, 881, 7582]",0.5171973941961642,11353.0
"[1, 1, 0, 1, 111393, 462, 456, 5921, 6, 1470, 7555]",0.998223315566489,21912.0
"[1, 0, 1, 1, 69980, 375, 654, 5509, 8, 1309, 2818]",1.1695139173613958,25672.0
"[1, 0, 1, 1, 39603, 914, 690, 3060, 0, 662, 2162]",1.1981230923420345,26300.0
"[1, 0, 1, 1, 71495, 895, 316, 4116, 4, 1599, 2714]",1.4023506901735685,30783.0
"[1, 1, 1, 1, 41517, 283, 632, 2706, 5, 1716, 3578]",1.0184957405129607,22357.0
"[0, 0, 1, 0, 47624, 640, 617, 1802, 7, 1750, 4753]",0.45674456744567443,10026.0
"[0, 0, 0, 0, 48716, 230, 786, 5292, 8, 1710, 7821]",0.35524577467996904,7798.0
"[1, 0, 1, 1, 111854, 397, 585, 5812, 4, 1853, 3724]",1.172383946061683,25735.0
"[1, 0, 0, 0, 55915, 341, 464, 2805, 3, 1626, 2809]",0.8512140676962325,18685.0
"[0, 1, 0, 1, 51317, 481, 266, 5369, 6, 653, 4481]",0.3766570999043324,8268.0
"[1, 0, 0, 0, 106549, 909, 773, 2439, 2, 992, 6899]",0.9996811079221903,21944.0
"[0, 1, 0, 1, 78177, 825, 495, 3202, 8, 859, 3927]",0.4509589540339848,9899.0
"[1, 1, 1, 0, 30658, 838, 542, 5501, 2, 1708, 7362]",0.8632864106418842,18950.0
"[0, 1, 1, 0, 105015, 260, 349, 2055, 6, 944, 2515]",0.4411188556330008,9683.0
"[0, 0, 1, 1, 112614, 563, 347, 4434, 4, 492, 2682]",0.37392373923739236,8208.0
"[1, 1, 0, 0, 56212, 781, 608, 3764, 1, 1899, 4242]",0.8714864926427042,19130.0
"[0, 0, 0, 0, 83769, 684, 597, 2488, 5, 777, 7745]",0.40253291421803106,8836.0
"[0, 0, 1, 1, 61849, 362, 538, 4563, 4, 1732, 7817]",0.3711903785704524,8148.0
"[1, 0, 1, 0, 40551, 884, 363, 4812, 0, 686, 5394]",1.1595371509270649,25453.0
"[1, 1, 1, 1, 52817, 864, 600, 3375, 3, 1064, 4441]",0.988246549132158,21693.0
"[1, 1, 1, 0, 37779, 420, 662, 2759, 3, 996, 7679]",0.8507585075850759,18675.0
"[1, 0, 0, 1, 44828, 643, 531, 3041, 7, 1732, 6568]",1.4123274566078994,31002.0
"[1, 1, 0, 1, 45166, 700, 636, 1581, 5, 1735, 5731]",0.9874265409320759,21675.0
"[0, 1, 1, 0, 62764, 235, 256, 3589, 6, 1900, 5577]",0.38358161359391374,8420.0
"[0, 1, 0, 1, 118516, 880, 499, 5780, 0, 1799, 2466]",0.369732586214751,8116.0
"[1, 0, 1, 0, 33956, 328, 581, 3844, 1, 1042, 2414]",1.1431369869254249,25093.0
"[1, 1, 1, 1, 77555, 776, 623, 2704, 1, 760, 7845]",0.9784520067422896,21478.0
"[0, 1, 0, 0, 60609, 394, 276, 5735, 1, 1857, 7904]",0.3573413511912897,7844.0
"[0, 1, 0, 0, 109588, 392, 680, 4313, 1, 1647, 2907]",0.3435378798232427,7541.0
"[0, 0, 1, 0, 55307, 496, 752, 4514, 3, 1169, 8112]",0.3446312240900187,7565.0
"[1, 1, 0, 0, 72218, 531, 210, 1537, 6, 1503, 7120]",0.8590952576192429,18858.0
"[1, 0, 0, 1, 96440, 692, 745, 2478, 6, 1543, 3250]",1.1950708395972849,26233.0
"[1, 0, 0, 0, 112157, 859, 275, 4688, 4, 999, 5385]",1.1596738189604119,25456.0
"[0, 1, 1, 1, 107171, 374, 778, 5877, 0, 1652, 4973]",0.36135028016946835,7932.0
"[1, 1, 1, 1, 78173, 329, 751, 4111, 1, 1678, 5288]",0.9975855314108697,21898.0
"[0, 0, 1, 1, 104332, 558, 305, 4127, 3, 598, 2967]",0.37260261491503804,8179.0
"[1, 0, 1, 0, 53822, 517, 210, 2175, 1, 1239, 2514]",0.9942143865883103,21824.0
"[0, 1, 0, 0, 47683, 315, 255, 3434, 3, 600, 5210]",0.3640836408364084,7992.0
"[0, 1, 0, 1, 67836, 368, 449, 3443, 3, 1860, 2660]",0.43050430504305043,9450.0
"[1, 1, 0, 0, 34200, 874, 666, 3582, 3, 1689, 6140]",0.8473873627625165,18601.0
"[0, 0, 0, 0, 64362, 816, 525, 3603, 2, 1727, 5453]",0.345132340212291,7576.0
"[1, 0, 0, 0, 87870, 692, 351, 3590, 4, 1007, 7741]",1.1571226823379346,25400.0
"[1, 1, 1, 1, 99321, 751, 398, 2792, 5, 1502, 3316]",0.9912988018769077,21760.0
"[1, 1, 1, 0, 58490, 390, 316, 5652, 8, 874, 7251]",0.8465673545624345,18583.0
"[0, 1, 0, 0, 48278, 232, 759, 3373, 5, 960, 4229]",0.3610313880916587,7925.0
"[0, 0, 0, 1, 36246, 588, 633, 5349, 3, 1605, 2784]",0.3736048471595827,8201.0
"[1, 1, 1, 0, 33438, 448, 786, 5616, 5, 1068, 6300]",0.8758143136986926,19225.0
"[0, 1, 0, 0, 103307, 339, 764, 2342, 6, 1721, 3004]",0.41364858093025375,9080.0
"[1, 1, 0, 0, 85657, 573, 632, 2355, 0, 1789, 2622]",0.8631497426085372,18947.0
"[0, 0, 0, 1, 54742, 917, 679, 3493, 4, 1230, 2463]",0.3858138581385814,8469.0
"[1, 0, 0, 1, 55532, 609, 781, 3896, 7, 1899, 2463]",1.3922372557058904,30561.0
"[1, 1, 1, 1, 113398, 412, 377, 5345, 0, 1720, 3026]",0.9856954125096806,21637.0
"[1, 0, 0, 0, 62102, 600, 639, 3818, 3, 1955, 3600]",1.1641838640608628,25555.0
"[0, 1, 1, 1, 48930, 465, 212, 2801, 6, 1314, 5631]",0.47346362352512417,10393.0
"[0, 0, 0, 0, 95905, 682, 350, 4062, 5, 624, 3629]",0.34850348503485035,7650.0
"[1, 0, 1, 1, 90310, 343, 252, 4203, 0, 841, 3800]",1.4167008336750033,31098.0
"[0, 0, 0, 1, 51490, 790, 444, 4190, 1, 1393, 3332]",0.3808482529269737,8360.0
"[0, 1, 1, 0, 76938, 499, 363, 2507, 6, 503, 7311]",0.4337387818322628,9521.0
"[0, 0, 1, 0, 111607, 421, 644, 2658, 0, 932, 5192]",0.3890483349277937,8540.0
"[1, 0, 0, 1, 41781, 621, 676, 1696, 8, 654, 7874]",1.158580474693636,25432.0
"[1, 0, 0, 1, 103224, 627, 377, 1971, 1, 1860, 7017]",1.190424126463487,26131.0
"[0, 0, 0, 0, 38333, 241, 631, 2950, 7, 898, 3053]",0.3846749578606897,8444.0
"[1, 0, 1, 1, 92637, 495, 377, 3666, 0, 1895, 2281]",1.4292287367318117,31373.0
"[0, 0, 1, 0, 78611, 547, 667, 3288, 6, 864, 2208]",0.335292241811307,7360.0
"[1, 0, 0, 1, 92102, 511, 299, 1693, 0, 1162, 7442]",1.121087877545442,24609.0
"[0, 0, 1, 1, 110169, 285, 571, 1848, 7, 1069, 5704]",0.5054439433283222,11095.0
"[1, 1, 0, 1, 115169, 377, 605, 3437, 1, 1208, 7504]",0.9951710628217393,21845.0
"[1, 1, 0, 1, 91690, 344, 779, 2885, 1, 1507, 3410]",1.0097945423898684,22166.0
"[1, 0, 0, 0, 34175, 322, 578, 2116, 8, 929, 2511]",0.9975855314108697,21898.0
"[0, 1, 1, 0, 39255, 284, 426, 3474, 2, 1612, 3864]",0.36859368593685937,8091.0
"[1, 1, 0, 1, 73406, 689, 752, 5285, 6, 1521, 3827]",0.9951710628217393,21845.0
"[1, 1, 0, 1, 42592, 411, 696, 2781, 2, 641, 2292]",1.035670356703567,22734.0
"[0, 0, 1, 1, 90705, 632, 600, 3661, 0, 1168, 5020]",0.3818049291604027,8381.0
"[0, 0, 0, 1, 61625, 270, 390, 5446, 6, 1607, 3609]",0.3592547036581477,7886.0
"[1, 0, 0, 1, 58502, 352, 726, 4044, 0, 770, 3103]",1.415379709352649,31069.0
"[0, 1, 0, 0, 97730, 260, 646, 2429, 4, 1718, 7303]",0.42808983645392007,9397.0
"[1, 0, 1, 1, 37272, 851, 256, 3884, 1, 1550, 5569]",1.4380666028882512,31567.0
"[1, 1, 1, 0, 61428, 683, 495, 1959, 8, 1760, 4043]",0.8611908341305635,18904.0
"[1, 0, 0, 0, 80367, 587, 211, 4195, 4, 1212, 7334]",1.1680561250056944,25640.0
"[1, 1, 0, 0, 56094, 525, 331, 5255, 8, 720, 3387]",0.8375472643615325,18385.0
"[0, 0, 1, 1, 54534, 335, 576, 2741, 6, 1336, 6749]",0.44371554826659376,9740.0
"[1, 0, 0, 1, 61526, 920, 370, 2770, 8, 1048, 7357]",1.4266320440982188,31316.0
"[0, 1, 1, 0, 37870, 872, 736, 1852, 4, 512, 3384]",0.4664024418021958,10238.0
"[1, 0, 1, 0, 33698, 583, 215, 1725, 2, 1254, 2101]",0.9806842512869574,21527.0
"[0, 1, 1, 1, 50641, 551, 475, 4374, 1, 600, 6016]",0.36699922554781106,8056.0
"[0, 1, 1, 1, 104199, 701, 789, 3719, 0, 1968, 4089]",0.3766570999043324,8268.0
"[1, 0, 1, 1, 115391, 801, 592, 1580, 2, 1936, 2174]",1.175937314928705,25813.0
"[0, 0, 1, 1, 38649, 538, 543, 2449, 1, 808, 5176]",0.46717689399116213,10255.0
"[0, 0, 0, 1, 101643, 458, 240, 5213, 8, 1232, 4268]",0.37406040727073936,8211.0
"[0, 0, 1, 0, 89547, 592, 217, 5062, 0, 508, 2618]",0.3510546216573277,7706.0
"[1, 1, 0, 0, 92524, 557, 281, 2989, 2, 1568, 2345]",0.8716687166871668,19134.0
"[1, 1, 0, 0, 102314, 878, 763, 3394, 6, 1847, 6409]",0.8298482984829848,18216.0
"[1, 1, 0, 1, 32078, 305, 567, 2866, 0, 682, 3683]",1.009976766434331,22170.0
"[1, 1, 0, 0, 81148, 640, 262, 4856, 7, 1531, 4683]",0.8692542480980365,19081.0
"[1, 0, 0, 1, 107569, 315, 250, 2025, 8, 1035, 3070]",1.1320213202132021,24849.0
"[1, 1, 1, 0, 32603, 280, 471, 5212, 7, 1113, 6358]",0.8301671905607945,18223.0
"[1, 0, 0, 0, 57947, 234, 440, 5383, 4, 1234, 6452]",1.1617693954717325,25502.0
"[0, 0, 1, 1, 66803, 476, 705, 2237, 8, 1690, 7834]",0.4691358024691358,10298.0
"[1, 0, 1, 0, 52573, 752, 487, 4387, 8, 1721, 2880]",1.132841328413284,24867.0
"[1, 0, 1, 1, 55948, 801, 696, 4544, 8, 541, 7914]",1.3782515602933807,30254.0
"[1, 1, 1, 1, 79326, 564, 542, 1870, 3, 996, 2615]",0.985376520431871,21630.0
"[1, 0, 0, 0, 48917, 368, 401, 4373, 4, 1960, 6328]",1.1653227643387545,25580.0
"[1, 0, 0, 1, 60861, 419, 740, 3865, 4, 1748, 3778]",1.410869664252198,30970.0
"[1, 0, 1, 0, 74662, 830, 607, 5465, 5, 1544, 6435]",1.1498792765705435,25241.0
"[0, 0, 0, 1, 117585, 718, 619, 3860, 8, 1591, 5557]",0.3647214249920277,8006.0
"[0, 0, 0, 1, 70983, 507, 334, 2421, 6, 1026, 7636]",0.45337342262311514,9952.0
"[0, 1, 0, 1, 64142, 461, 412, 4810, 2, 1944, 7651]",0.37793266821557103,8296.0
"[1, 0, 0, 1, 85305, 854, 728, 3975, 8, 1956, 6792]",1.4147419251970297,31055.0
"[1, 0, 0, 1, 58645, 635, 624, 4256, 6, 915, 6945]",1.4374288187326318,31553.0
"[1, 0, 1, 1, 116177, 291, 601, 2000, 3, 671, 6561]",1.158717142726983,25435.0
"[0, 1, 1, 0, 44641, 280, 314, 2613, 0, 1332, 2193]",0.4261764839870621,9355.0
"[1, 0, 0, 1, 96036, 495, 596, 3709, 8, 1419, 7942]",1.4364721424992029,31532.0
"[0, 0, 0, 0, 112879, 266, 350, 3015, 8, 669, 5402]",0.3849938499384994,8451.0
"[0, 1, 0, 1, 92955, 768, 357, 1755, 5, 1459, 4386]",0.5144640335292242,11293.0
"[0, 0, 1, 0, 43565, 240, 766, 2594, 1, 1628, 4479]",0.353469090246458,7759.0
"[0, 0, 1, 1, 47078, 779, 490, 1752, 6, 1355, 3565]",0.5089973121953442,11173.0
"[0, 1, 0, 1, 113888, 273, 568, 2905, 1, 1058, 7005]",0.4517334062229511,9916.0
"[0, 1, 1, 1, 82008, 517, 652, 3782, 6, 1288, 7054]",0.3684570179035124,8088.0
"[0, 0, 0, 1, 115089, 327, 514, 2820, 1, 1764, 3540]",0.45223452234522343,9927.0
"[0, 1, 0, 0, 41113, 886, 382, 2081, 0, 746, 6865]",0.45578789121224544,10005.0
"[1, 1, 1, 1, 71256, 755, 519, 2783, 8, 1761, 3820]",0.9897043414878594,21725.0
"[0, 1, 0, 1, 46532, 910, 697, 5804, 4, 1415, 3688]",0.3811671450047834,8367.0
"[0, 0, 1, 0, 44692, 568, 277, 2082, 5, 729, 3593]",0.42490091567582344,9327.0
"[0, 0, 1, 1, 94170, 247, 377, 5460, 5, 1068, 3366]",0.378752676415653,8314.0
"[1, 0, 1, 0, 84757, 705, 427, 2895, 4, 660, 2794]",0.8383672725616145,18403.0
"[1, 1, 0, 1, 75135, 450, 298, 3667, 6, 1736, 2398]",0.9993622158443807,21937.0
"[0, 0, 1, 0, 41867, 896, 675, 3404, 1, 1186, 6340]",0.34495011616782834,7572.0
"[0, 0, 1, 1, 37699, 567, 691, 4299, 1, 1061, 5760]",0.3668170015033484,8052.0
"[0, 1, 0, 0, 86631, 445, 347, 3977, 2, 1817, 7520]",0.34317343173431736,7533.0
"[1, 0, 0, 0, 99247, 808, 494, 5428, 8, 1929, 2228]",1.1613138353605759,25492.0
"[1, 1, 0, 0, 101454, 460, 473, 3634, 8, 1744, 3101]",0.8631497426085372,18947.0
"[1, 0, 1, 1, 113313, 318, 344, 3487, 0, 562, 7226]",1.4456289007334517,31733.0
"[1, 1, 0, 1, 95777, 498, 300, 3786, 8, 1079, 5869]",1.0195890847797366,22381.0
"[0, 0, 1, 1, 93780, 737, 515, 4994, 3, 496, 4963]",0.3664981094255387,8045.0
"[0, 0, 1, 1, 88113, 582, 466, 3082, 4, 791, 7324]",0.42567536786478977,9344.0
"[1, 1, 1, 0, 87781, 911, 424, 3058, 5, 553, 3966]",0.8616919502528358,18915.0
"[1, 0, 0, 0, 64488, 310, 565, 4952, 6, 1419, 4449]",1.156803790260125,25393.0
"[1, 0, 0, 0, 98050, 808, 325, 1861, 5, 1048, 3802]",0.9911621338435607,21757.0
"[1, 1, 0, 1, 102703, 679, 782, 2369, 8, 1272, 6976]",0.9970844152885974,21887.0
"[0, 0, 0, 1, 58756, 864, 551, 3551, 8, 596, 5328]",0.4007562297845201,8797.0
"[1, 0, 1, 0, 44827, 668, 489, 4588, 1, 723, 4257]",1.154708213748804,25347.0
"[0, 0, 0, 1, 66175, 508, 492, 2155, 6, 1528, 6522]",0.4837592820372648,10619.0
"[1, 1, 0, 0, 49446, 680, 523, 2894, 4, 863, 3134]",0.8836955036217029,19398.0
"[1, 0, 0, 0, 115829, 480, 562, 4155, 4, 594, 6043]",1.1641838640608628,25555.0
"[0, 1, 0, 0, 113960, 368, 204, 4840, 2, 1289, 6809]",0.3517379618240627,7721.0
"[1, 1, 0, 0, 52739, 819, 602, 5924, 8, 869, 3254]",0.8549496606077172,18767.0
"[0, 1, 1, 0, 57942, 364, 701, 1885, 0, 1585, 8016]",0.4086374197075304,8970.0
"[0, 0, 0, 0, 58169, 377, 734, 5682, 2, 1903, 2856]",0.34303676370097036,7530.0
"[1, 1, 0, 1, 95634, 879, 475, 4723, 4, 1187, 5496]",1.0069245136895812,22103.0
"[0, 1, 1, 0, 87160, 294, 669, 3283, 4, 1148, 7580]",0.3719648307594187,8165.0
"[1, 1, 0, 1, 61543, 759, 278, 4818, 3, 987, 2609]",1.0315247596920414,22643.0
"[1, 0, 1, 1, 57047, 260, 493, 5718, 5, 770, 8087]",1.1788073436289919,25876.0
"[0, 0, 1, 1, 80726, 733, 320, 2914, 4, 1738, 5741]",0.4493189376338208,9863.0
"[1, 1, 1, 0, 100809, 377, 674, 2942, 1, 770, 2577]",0.8735820691540249,19176.0
"[0, 0, 0, 1, 57565, 364, 468, 5882, 4, 1378, 4542]",0.3592547036581477,7886.0
"[0, 1, 1, 1, 83109, 569, 491, 5175, 0, 1093, 7604]",0.38162270511594004,8377.0
"[1, 1, 0, 1, 95152, 670, 318, 1604, 3, 1711, 4405]",1.0240991298801876,22480.0
"[1, 0, 1, 1, 41150, 461, 636, 4813, 6, 1030, 3843]",1.3787071204045374,30264.0
"[1, 1, 0, 1, 74311, 469, 448, 5070, 3, 1785, 4594]",1.019953532868662,22389.0
"[1, 0, 1, 0, 115608, 447, 221, 1625, 4, 1030, 6456]",0.9866520887431096,21658.0
"[0, 1, 0, 1, 77670, 736, 242, 4790, 3, 1893, 7363]",0.3737415151929297,8204.0
"[1, 1, 1, 0, 89083, 667, 319, 5931, 6, 1725, 3629]",0.8439706619288415,18526.0
"[1, 0, 0, 0, 119228, 314, 214, 3986, 8, 1495, 7078]",1.1656416564165641,25587.0
"[0, 0, 1, 1, 34477, 618, 406, 2512, 6, 823, 7820]",0.4583390278347228,10061.0
"[0, 0, 0, 0, 81370, 349, 437, 1863, 6, 1153, 2798]",0.44995672178944013,9877.0
"[1, 0, 1, 0, 63576, 348, 301, 4056, 8, 1061, 5842]",1.1514737369595918,25276.0
"[1, 0, 0, 1, 116636, 287, 445, 1610, 1, 1713, 5247]",1.1650038722609448,25573.0
"[1, 1, 0, 1, 71833, 388, 473, 2850, 6, 1500, 5477]",0.9872898728987289,21672.0
"[0, 0, 0, 0, 77260, 478, 672, 1699, 4, 757, 4760]",0.4435333242221311,9736.0
"[0, 1, 1, 1, 87031, 353, 326, 2709, 5, 644, 7731]",0.47360029155847116,10396.0
"[1, 0, 0, 1, 31564, 866, 680, 3524, 4, 1286, 7475]",1.4163417148491775,31600.0
"[0, 1, 1, 0, 79385, 588, 303, 5020, 5, 1057, 7954]",0.34586825631601753,7716.666666666667
"[1, 0, 0, 1, 91718, 423, 725, 3211, 3, 868, 7258]",1.4065259289139886,31381.0
"[0, 0, 0, 1, 104871, 901, 247, 5029, 8, 1890, 3175]",0.37171499858067025,8293.333333333334
"[1, 0, 1, 1, 40627, 657, 362, 2933, 2, 1741, 6784]",0.9819072804147431,21907.333333333332
"[0, 0, 0, 0, 72470, 403, 572, 1872, 6, 693, 5189]",0.4291156828470261,9574.0
"[0, 0, 1, 1, 63086, 778, 405, 1779, 5, 1566, 5899]",0.5053262217441322,11274.333333333334
"[0, 0, 0, 1, 45871, 372, 540, 2385, 2, 1708, 5798]",0.459220414444295,10245.666666666666
"[1, 1, 0, 1, 31564, 866, 680, 3524, 4, 1286, 6008]",0.9844770143277607,21964.666666666668
"[1, 0, 0, 1, 31564, 866, 680, 5777, 4, 1286, 7475]",1.1600705182794735,25882.333333333332
"[1, 1, 0, 1, 31564, 866, 680, 3524, 4, 1286, 7475]",0.9673404748031613,21582.333333333332
"[1, 0, 0, 1, 45397, 866, 680, 3524, 4, 1286, 7475]",1.3951862310071266,31128.0
"[1, 0, 0, 1, 104293, 629, 306, 1558, 3, 1232, 5656]",1.0978291724560383,24493.666666666668
"[1, 0, 0, 1, 33837, 866, 680, 3618, 4, 1266, 7475]",1.4163417148491775,31600.0
"[1, 0, 0, 0, 31564, 866, 680, 2463, 4, 1124, 7475]",0.8612791896373986,19216.0
"[0, 0, 1, 0, 67500, 878, 689, 2116, 5, 1909, 2897]",0.4117251579938147,9186.0
"[1, 0, 0, 1, 31564, 866, 680, 5200, 0, 1286, 7475]",1.4007888485500426,31253.0
"[1, 0, 1, 1, 102833, 866, 680, 3524, 4, 1286, 7475]",1.4022081783275813,31284.666666666668
"[1, 0, 0, 0, 31564, 866, 719, 3524, 4, 1286, 7475]",1.1446670551148164,25538.666666666668
"[1, 0, 0, 1, 31564, 866, 680, 4040, 4, 1286, 6168]",1.4040458368816577,31325.666666666668
"[0, 0, 0, 1, 31564, 866, 568, 3524, 2, 1286, 7828]",0.38384653310026445,8564.0
"[0, 1, 1, 1, 87762, 454, 523, 3842, 6, 1968, 5849]",0.3686671746373239,8225.333333333334
"[1, 0, 1, 0, 31564, 866, 680, 3524, 4, 1286, 7475]",1.1396620501098114,25427.0
"[0, 1, 1, 1, 31564, 866, 680, 3524, 4, 1286, 7686]",0.38021603693245487,8483.0
"[0, 1, 0, 1, 76829, 396, 415, 4276, 7, 1358, 3643]",0.36608250041085866,8167.666666666667
"[1, 1, 0, 0, 75679, 413, 785, 5809, 5, 833, 4604]",0.8428727234697383,18805.333333333332
"[1, 1, 1, 0, 113656, 481, 537, 2855, 5, 1826, 7127]",0.8318617124587274,18559.666666666668
"[1, 1, 1, 0, 92806, 624, 241, 3483, 4, 1874, 6040]",0.8479374897285344,18918.333333333332
"[1, 0, 0, 1, 31564, 609, 680, 3524, 4, 1286, 7475]",1.408229124647035,31419.0
"[1, 0, 0, 1, 84867, 866, 680, 2384, 4, 1286, 7475]",1.0714445789072655,23905.0
"[1, 0, 0, 1, 31564, 866, 680, 5636, 6, 1808, 7475]",1.162386266863879,25934.0
"[0, 0, 0, 1, 31564, 866, 680, 3524, 4, 1286, 7475]",0.3911971673165703,8728.0
"[0, 0, 0, 1, 44470, 597, 235, 3479, 7, 1214, 4773]",0.39978784754904156,8919.666666666666
"[0, 0, 1, 1, 65669, 823, 572, 4246, 2, 1400, 3992]",0.36049482318139037,8043.0
"[0, 1, 0, 0, 98945, 544, 555, 2073, 7, 1782, 7390]",0.43624221236161537,9733.0
"[0, 0, 0, 0, 76520, 409, 593, 2514, 6, 578, 3079]",0.392885422736169,8765.666666666666
"[1, 0, 0, 0, 31564, 866, 636, 3524, 4, 1286, 7489]",1.146624236176475,25582.333333333332
"[1, 0, 1, 0, 34045, 867, 733, 4113, 4, 1034, 6306]",1.1077495405853615,24715.0
"[0, 0, 1, 1, 39854, 702, 680, 3524, 4, 1286, 7475]",0.365455007246052,8153.666666666667
"[1, 1, 1, 1, 31564, 866, 766, 3524, 3, 1408, 7475]",0.9516382053695487,21232.0
"[0, 1, 0, 0, 36337, 915, 243, 5432, 6, 1501, 2931]",0.34736228766079513,7750.0
"[1, 0, 1, 1, 98969, 829, 604, 3287, 7, 1537, 3966]",1.3914362123317348,31044.333333333332
"[1, 1, 0, 1, 47020, 746, 673, 4519, 7, 1403, 4040]",0.9986105508493568,22280.0
"[1, 0, 0, 1, 43426, 717, 612, 5515, 1, 1204, 3380]",1.1550057520206773,25769.333333333332
"[1, 0, 0, 1, 120000, 230, 800, 1500, 3, 1531, 6417]",1.1348960901199707,25320.666666666668
"[1, 0, 0, 1, 31564, 866, 680, 3524, 4, 709, 7475]",1.4104851119776491,31469.333333333332
"[1, 0, 1, 1, 31564, 866, 680, 3524, 4, 1286, 7475]",1.411172366396247,31484.666666666668
"[0, 0, 0, 1, 31564, 866, 680, 3524, 4, 1286, 7475]",0.37594310728639085,8387.666666666666
"[1, 0, 0, 1, 120000, 230, 800, 1500, 1, 1551, 8192]",1.1335962828500143,25291.666666666668
"[0, 0, 0, 1, 31564, 862, 680, 3609, 4, 1286, 7036]",0.370997863535177,8277.333333333334
"[1, 1, 0, 0, 31802, 866, 680, 3524, 4, 1441, 7838]",0.8503129995667309,18971.333333333332
"[1, 0, 1, 1, 37903, 866, 680, 4569, 4, 1286, 7475]",1.401894431745178,31277.666666666668
"[0, 0, 0, 1, 120000, 230, 482, 2149, 8, 1745, 5603]",0.4691856035139617,10468.0
"[0, 1, 0, 1, 39405, 846, 272, 5761, 1, 951, 6588]",0.368129323353204,8213.333333333334
"[1, 1, 1, 1, 72404, 577, 630, 4717, 7, 1250, 5078]",0.9860009262994338,21998.666666666668
"[1, 1, 1, 0, 117614, 895, 298, 5588, 6, 1251, 7476]",0.8546905114069293,19069.0
"[0, 0, 0, 1, 103912, 410, 512, 2848, 7, 1630, 5066]",0.43722827304916856,9755.0
"[1, 0, 0, 1, 68293, 760, 680, 3524, 4, 1286, 7475]",1.4106494554255748,31473.0
"[1, 0, 0, 1, 31564, 866, 682, 4023, 4, 1286, 7475]",1.416984148327432,31614.333333333332
"[1, 0, 0, 1, 31564, 866, 680, 3524, 4, 1286, 5732]",1.4190757922101205,31661.0
"[1, 0, 0, 1, 31564, 866, 680, 3524, 4, 704, 5732]",1.4200319722707782,31682.333333333332
"[1, 0, 0, 0, 31564, 866, 680, 3524, 4, 1286, 5732]",1.1495674779256868,25648.0
"[1, 0, 0, 1, 31564, 866, 680, 3524, 4, 1286, 6942]",1.3895985537776583,31003.333333333332
"[0, 0, 0, 1, 31564, 866, 680, 3524, 4, 1286, 5732]",0.38327880118924895,8551.333333333334
"[1, 1, 0, 0, 31564, 866, 680, 5300, 4, 704, 5732]",0.9576591516890024,21366.333333333332
"[1, 0, 0, 1, 47028, 721, 266, 3524, 4, 895, 5732]",1.3466152719884064,30044.333333333332
"[1, 0, 0, 1, 31564, 866, 680, 3524, 4, 704, 5156]",1.3933933933933933,31088.0
"[1, 0, 0, 1, 31564, 866, 680, 3524, 4, 704, 2114]",1.3089059208462193,29203.0
"[1, 0, 0, 1, 31564, 866, 680, 3450, 4, 704, 7241]",1.4086026324832295,31427.333333333332
"[0, 0, 0, 1, 31564, 866, 680, 3524, 4, 704, 5732]",0.382008874546188,8523.0
"[1, 1, 0, 1, 31564, 866, 680, 3524, 4, 704, 5732]",1.005737080363946,22439.0
"[1, 0, 0, 1, 31564, 866, 680, 3802, 4, 704, 5732]",1.3803056788131416,30796.0
"[1, 0, 0, 1, 31564, 866, 680, 3524, 4, 704, 3615]",1.3961872320081274,31150.333333333332
"[1, 0, 0, 1, 31564, 330, 680, 2658, 4, 704, 3604]",1.1745178013834732,26204.666666666668
"[0, 0, 0, 1, 31564, 866, 680, 4006, 4, 704, 5732]",0.36739724799426293,8197.0
"[0, 0, 0, 1, 31564, 866, 680, 3524, 6, 704, 5732]",0.3778853480346018,8431.0
"[1, 0, 0, 1, 31564, 866, 331, 3524, 4, 704, 6344]",1.3882240449404628,30972.666666666668
"[1, 0, 0, 1, 31564, 866, 680, 3524, 4, 1237, 5446]",1.3977709052335918,31185.666666666668
"[1, 0, 1, 1, 31564, 866, 680, 3524, 4, 704, 5732]",1.3947230812902456,31117.666666666668
"[1, 0, 0, 1, 115424, 866, 680, 3524, 4, 704, 5732]",1.4019243123720735,31278.333333333332
"[1, 0, 1, 1, 31564, 866, 680, 3524, 4, 704, 5732]",1.4052560022709277,31352.666666666668
"[1, 0, 0, 1, 108927, 866, 680, 3524, 4, 704, 5732]",1.4064661676601975,31379.666666666668
"[1, 0, 0, 1, 31564, 825, 680, 3524, 5, 704, 5732]",1.399354578459056,31221.0
"[1, 0, 0, 0, 31564, 386, 680, 3524, 4, 704, 5732]",1.148566476924686,25625.666666666668
"[0, 0, 0, 1, 31564, 807, 680, 3524, 4, 704, 5732]",0.38058954476864926,8491.333333333334
"[1, 0, 0, 1, 31564, 700, 680, 4612, 4, 704, 5732]",1.3969342476805164,31167.0
"[1, 0, 0, 1, 31564, 846, 680, 3524, 4, 704, 5732]",1.3915407945258693,31046.666666666668
"[1, 0, 0, 1, 31564, 866, 541, 3524, 4, 704, 5732]",1.4075866911687809,31404.666666666668
"[1, 0, 0, 1, 31564, 542, 680, 3524, 4, 704, 4046]",1.3904949725845248,31023.333333333332
"[1, 0, 0, 1, 31564, 373, 680, 5790, 4, 1385, 5732]",1.1737707857110842,26188.0
"[1, 1, 0, 1, 31564, 866, 680, 2641, 4, 704, 5732]",0.9782618439334857,21826.0
"[1, 0, 0, 1, 31564, 866, 680, 3524, 3, 749, 5732]",1.4049422556885245,31345.666666666668
"[1, 0, 0, 1, 118062, 866, 680, 3524, 4, 704, 5732]",1.41444429504131,31557.666666666668
"[0, 0, 0, 1, 31564, 866, 680, 3524, 4, 704, 5732]",0.38592323666950534,8610.333333333334
"[1, 0, 0, 1, 31564, 866, 680, 3524, 3, 704, 2348]",1.409902439753186,31456.333333333332
"[1, 0, 0, 1, 31564, 866, 680, 3524, 3, 704, 5732]",1.415445296042311,31580.0
"[1, 0, 0, 1, 118630, 496, 680, 3524, 4, 704, 5732]",1.3287317167914183,29645.333333333332
"[1, 0, 0, 1, 31564, 866, 495, 3524, 4, 1894, 5732]",1.4193447178521805,31667.0
"[0, 0, 0, 0, 31564, 866, 680, 3524, 4, 704, 5732]",0.3356490819177386,7488.666666666667
"[1, 0, 0, 0, 31564, 866, 680, 3524, 7, 704, 5732]",1.136808450241286,25363.333333333332
"[1, 0, 0, 1, 31564, 866, 680, 4169, 4, 704, 5732]",1.4045836881657778,31337.666666666668
"[1, 1, 0, 0, 31564, 866, 661, 3524, 1, 704, 5732]",0.8509404927315375,18985.333333333332
"[1, 0, 0, 1, 31564, 866, 680, 3728, 4, 704, 5732]",1.4025816861637757,31293.0
"[1, 0, 0, 1, 75475, 866, 680, 3524, 4, 704, 5732]",1.414115608145459,31550.333333333332
"[1, 0, 0, 1, 112146, 430, 553, 1529, 3, 1382, 6036]",1.0879237446401626,24272.666666666668
"[1, 0, 0, 0, 97840, 322, 792, 3654, 4, 1182, 5510]",1.1376451077943615,25382.0
"[0, 0, 0, 0, 93750, 554, 744, 1808, 4, 1720, 4657]",0.42679993426262086,9522.333333333334
"[1, 0, 0, 1, 112436, 566, 524, 3264, 6, 1710, 4796]",1.399832668489385,31231.666666666668
"[0, 0, 0, 1, 51371, 866, 680, 3524, 0, 704, 7418]",0.38206863579997913,8524.333333333334
"[1, 0, 1, 1, 31564, 866, 680, 3524, 4, 1308, 5732]",1.4045687478523299,31337.333333333332
"[0, 0, 0, 1, 31564, 866, 564, 3524, 4, 704, 5732]",0.3767498842125708,8405.666666666666
"[0, 0, 1, 1, 31564, 866, 791, 3524, 4, 704, 2261]",0.35359239836851775,7889.0
"[1, 0, 1, 1, 31564, 866, 680, 3524, 4, 902, 5732]",1.4003107585197136,31242.333333333332
"[1, 0, 0, 1, 40463, 822, 781, 3524, 4, 704, 6550]",1.3979950099353085,31190.666666666668
"[1, 0, 0, 1, 31564, 866, 680, 3524, 3, 704, 5732]",1.4020438348796558,31281.0
"[0, 0, 0, 1, 34577, 866, 664, 3613, 4, 704, 5732]",0.37156559544619244,8290.0
"[1, 0, 0, 1, 31564, 866, 215, 3524, 4, 704, 5732]",1.417716223686373,31630.666666666668
"[1, 0, 0, 1, 31564, 866, 680, 3524, 4, 704, 3236]",1.4052709425843755,31353.0
"[1, 0, 0, 1, 31564, 866, 385, 3524, 4, 704, 5732]",1.4072729445863774,31397.666666666668
"[1, 0, 0, 1, 31183, 866, 680, 3524, 4, 768, 5732]",1.3922429892579147,31062.333333333332
"[1, 1, 0, 1, 95636, 290, 371, 4275, 0, 1257, 6907]",0.9933067395753964,22161.666666666668
"[0, 0, 0, 1, 96845, 557, 606, 4224, 6, 730, 3066]",0.35949382218038933,8020.666666666667
"[0, 1, 0, 1, 69380, 548, 768, 4107, 0, 669, 4107]",0.3702956688031315,8261.666666666666
"[1, 1, 0, 0, 77956, 842, 539, 4136, 6, 1172, 4559]",0.849102834177461,18944.333333333332
"[1, 1, 0, 1, 103881, 342, 662, 2671, 4, 1750, 6133]",0.9807568762792644,21881.666666666668
"[0, 0, 0, 1, 98414, 313, 608, 2888, 5, 1444, 5030]",0.4169841483274319,9303.333333333334
"[0, 0, 0, 1, 92834, 526, 686, 2873, 2, 1466, 5204]",0.41496720601198217,9258.333333333334
"[1, 0, 1, 1, 34657, 819, 694, 3524, 3, 704, 5732]",1.405898435749182,31367.0
"[1, 0, 0, 1, 31564, 866, 456, 3524, 4, 609, 5732]",1.4119642030089792,31502.333333333332
"[1, 0, 0, 1, 31564, 866, 680, 3524, 4, 1701, 5732]",1.3992051753245784,31217.666666666668
"[0, 0, 0, 1, 31564, 716, 474, 3524, 4, 704, 5732]",0.3858037141619231,8607.666666666666
"[1, 0, 0, 1, 31564, 866, 680, 3524, 4, 704, 3751]",1.3795437228273049,30779.0
"[1, 1, 0, 0, 31564, 866, 680, 3524, 4, 759, 5732]",0.8540630182421227,19055.0
"[1, 1, 0, 1, 54971, 866, 658, 3524, 4, 931, 5732]",1.0004183287765376,22320.333333333332
"[1, 1, 0, 1, 34451, 920, 680, 3524, 4, 761, 5732]",0.9583912270479436,21382.666666666668
"[1, 0, 1, 1, 31564, 707, 680, 3524, 4, 704, 5732]",1.4030000149403135,31302.333333333332
"[1, 0, 0, 1, 120000, 230, 641, 1823, 8, 1637, 6011]",1.142485769351441,25490.0
"[1, 0, 0, 1, 63764, 635, 575, 2738, 7, 1042, 3808]",1.2369085503413861,27596.666666666668
"[1, 0, 0, 1, 77657, 766, 654, 5317, 3, 1858, 7784]",1.2354892205638475,27565.0
"[1, 0, 0, 0, 56339, 389, 703, 1943, 1, 1834, 7134]",0.9532069382815651,21267.0
"[1, 0, 0, 1, 31564, 866, 302, 3524, 4, 1831, 5732]",1.4003705197735048,31243.666666666668
"[1, 0, 0, 1, 31564, 433, 680, 3524, 4, 704, 5732]",1.4053755247785098,31355.333333333332
"[1, 0, 0, 1, 39095, 866, 680, 3524, 4, 704, 5732]",1.412711218681368,31519.0
"[1, 0, 0, 0, 31564, 294, 680, 3524, 4, 704, 5732]",1.1445624729206818,25536.333333333332
"[1, 0, 0, 1, 120000, 493, 782, 1500, 5, 1744, 6662]",1.0875950577443114,24265.333333333332
"[0, 1, 1, 1, 63808, 468, 417, 2723, 5, 1017, 5968]",0.4630152540600302,10330.333333333334
"[0, 0, 1, 1, 102278, 875, 745, 5289, 5, 1448, 5964]",0.3698773400265938,8252.333333333334
"[0, 0, 0, 1, 53632, 267, 524, 4124, 8, 1519, 2925]",0.3616004063765258,8067.666666666667
"[1, 0, 0, 1, 113654, 433, 724, 1946, 5, 1644, 6118]",1.1256928570361406,25115.333333333332
"[0, 1, 0, 0, 34247, 880, 721, 3524, 4, 704, 5732]",0.32082829097754473,7158.0
"[0, 1, 0, 0, 31564, 781, 680, 3393, 3, 704, 5732]",0.3553254747284598,7927.666666666667
"[0, 0, 1, 0, 31564, 866, 680, 2826, 4, 704, 5732]",0.3530694873978456,7877.333333333333
"[1, 0, 0, 1, 120000, 230, 552, 3206, 7, 1270, 7816]",1.4027310892982534,31296.333333333332
"[1, 0, 0, 1, 109262, 866, 680, 3524, 4, 704, 2863]",1.4033735227765078,31310.666666666668
"[0, 0, 0, 1, 35483, 866, 680, 3731, 4, 704, 5732]",0.3704151913107137,8264.333333333334
"[1, 0, 0, 1, 31564, 866, 558, 3524, 4, 704, 5732]",1.4052560022709277,31352.666666666668
"[1, 0, 0, 1, 120000, 230, 424, 4138, 8, 970, 8192]",1.39428981220026,31108.0
"[1, 0, 0, 0, 31564, 866, 391, 3524, 4, 704, 4494]",1.1314448777135344,25243.666666666668
"[1, 0, 0, 1, 82328, 866, 680, 3524, 4, 704, 5732]",1.4158785651322965,31589.666666666668
"[1, 0, 0, 1, 31564, 843, 680, 3524, 4, 704, 5732]",1.4092898869018273,31442.666666666668
"[1, 1, 0, 1, 120000, 360, 644, 2005, 7, 1039, 6049]",0.9984611477148791,22276.666666666668
"[1, 1, 0, 0, 39271, 753, 519, 2496, 8, 559, 6250]",0.8440380679186649,18831.333333333332
"[1, 0, 0, 0, 32219, 794, 650, 3708, 4, 704, 5409]",1.134477761343433,25311.333333333332
"[0, 0, 0, 1, 31564, 866, 633, 3524, 4, 509, 5732]",0.3725217755068502,8311.333333333334
"[1, 1, 0, 1, 116248, 354, 650, 2227, 6, 1276, 6077]",0.9791582627403523,21846.0
"[1, 1, 1, 0, 65044, 703, 478, 3739, 3, 1528, 7701]",0.8591576651278144,19168.666666666668
"[0, 0, 1, 1, 46798, 606, 770, 5870, 4, 1571, 2272]",0.3631691392885423,8102.666666666667
"[1, 0, 0, 0, 31183, 364, 449, 4080, 5, 1102, 3682]",1.1343283582089552,25308.0
"[1, 0, 0, 1, 116218, 398, 538, 3235, 7, 1490, 6306]",1.3885975527766572,30981.0
"[1, 0, 0, 1, 120000, 230, 596, 2514, 8, 1454, 6914]",0.9652936518608161,21536.666666666668
"[1, 0, 0, 1, 108920, 276, 672, 3430, 6, 1226, 6663]",1.4032091793285824,31307.0
"[1, 0, 0, 1, 120000, 230, 676, 2353, 5, 1400, 7116]",1.0537851284119941,23511.0
"[1, 0, 0, 1, 31564, 866, 680, 3524, 3, 704, 5732]",1.4110677842021124,31482.333333333332
"[1, 0, 0, 1, 31564, 866, 680, 3524, 4, 1424, 5732]",1.4038366724933888,31321.0
"[1, 0, 1, 0, 31564, 866, 680, 3524, 4, 704, 7534]",1.147879222506088,25610.333333333332
"[1, 0, 0, 1, 103808, 866, 680, 1629, 4, 704, 3815]",1.1299060254284135,25209.333333333332
"[0, 0, 0, 1, 31564, 866, 662, 3524, 4, 701, 5145]",0.38120209762000806,8505.0
"[0, 0, 1, 1, 31564, 911, 680, 2545, 4, 665, 5732]",0.4412920383069637,9845.666666666666
"[1, 0, 1, 0, 31564, 866, 680, 3461, 4, 704, 5899]",1.1396022888560202,25425.666666666668
"[1, 0, 0, 1, 31564, 882, 680, 3524, 4, 704, 5732]",1.412382531785517,31511.666666666668
"[1, 0, 0, 0, 106605, 419, 793, 4622, 3, 1595, 5425]",1.1521670924656,25706.0
"[1, 0, 1, 1, 40627, 657, 362, 2933, 2, 733, 6784]",0.9737797498991528,21726.0
"[0, 0, 0, 1, 72470, 403, 572, 1872, 6, 693, 4468]",0.4934636128665979,11009.666666666666
"[0, 0, 1, 1, 63086, 427, 545, 1779, 8, 1566, 5899]",0.4884436675481451,10897.666666666666
"[1, 0, 0, 1, 116827, 332, 638, 2576, 6, 1457, 6967]",1.4151315494599077,31573.0
"[1, 0, 0, 1, 116073, 330, 552, 2368, 5, 1326, 6926]",1.0887006409394469,24290.0
"[1, 0, 0, 1, 111940, 286, 607, 2938, 6, 1510, 6974]",1.396889426740173,31166.0
"[1, 0, 0, 1, 31564, 866, 680, 4617, 4, 704, 5732]",1.378677184647334,30759.666666666668
"[1, 0, 0, 1, 31564, 866, 680, 3524, 1, 704, 5732]",1.3942449912599166,31107.0
"[1, 0, 1, 1, 31564, 866, 680, 3524, 4, 704, 5732]",1.4132191893385924,31530.333333333332
"[1, 0, 0, 1, 111167, 866, 680, 3524, 4, 704, 5732]",1.4010577741921026,31259.0
"[1, 0, 1, 1, 31564, 866, 680, 3524, 4, 704, 3285]",1.3978754874277262,31188.0
"[1, 0, 0, 1, 43376, 863, 680, 3524, 3, 704, 5732]",1.4104851119776491,31469.333333333332
"[0, 0, 0, 1, 30952, 866, 680, 3524, 4, 704, 5911]",0.3766901229587797,8404.333333333334
"[1, 0, 0, 0, 31564, 866, 680, 3990, 4, 704, 5717]",1.1429339787548742,25500.0
"[1, 1, 0, 0, 31564, 863, 680, 3524, 4, 940, 5988]",0.8689883913764511,19388.0
"[1, 0, 0, 1, 108741, 407, 620, 3456, 2, 1268, 7052]",1.4138616228168468,31544.666666666668
"[0, 0, 1, 1, 45871, 372, 540, 3378, 8, 492, 5798]",0.40627194358537644,9064.333333333334
"[1, 1, 1, 0, 49291, 481, 537, 2855, 0, 1826, 3198]",0.8330718778479973,18586.666666666668
"[1, 1, 0, 0, 92806, 624, 800, 3483, 4, 1874, 6040]",0.8561247814979158,19101.0
